gvf id	source database	description	mutation format	mutation mode	guide: id	guide+PAM sequence	genome coordinate	nucleotide	nucleotide mutation
18436	ClinVar	ID=18436;Variant_seq=G;ancestral_allele=A;evidence_values=Phenotype_or_Disease;Dbxref=ClinVar_201805:rs1060502443;clinical_significance=likely pathogenic;Reference_seq=A	nucleotide	remove	13:32394716-32394716+|Target-AID|-|G:A|GGC:GAC|nucleotide|(Target-AID;-;@19;NGG;GGC:GAC;G:D;)	GTCTGACAAATAGACGAAAGGGG	13:32394716-32394716+		T
18436	ClinVar	ID=18436;Variant_seq=G;ancestral_allele=A;evidence_values=Phenotype_or_Disease;Dbxref=ClinVar_201805:rs1060502443;clinical_significance=likely pathogenic;Reference_seq=A	nucleotide	remove	13:32394716-32394716+|Target-AID|-|G:A|GGC:GAC|nucleotide|(Target-AID;-;@18;NGG;GGC:GAC;G:D;)	CGTCTGACAAATAGACGAAAGGG	13:32394716-32394716+		T
18436	ClinVar	ID=18436;Variant_seq=G;ancestral_allele=A;evidence_values=Phenotype_or_Disease;Dbxref=ClinVar_201805:rs1060502443;clinical_significance=likely pathogenic;Reference_seq=A	nucleotide	remove	13:32394716-32394716+|Target-AID|-|G:A|GGC:GAC|nucleotide|(Target-AID;-;@17;NGG;GGC:GAC;G:D;)	TCGTCTGACAAATAGACGAAAGG	13:32394716-32394716+		T
25730	ClinVar	ID=25730;Variant_seq=C;ancestral_allele=T;evidence_values=Phenotype_or_Disease;Dbxref=ClinVar_201805:rs1060502981;clinical_significance=likely pathogenic;Reference_seq=T	nucleotide	remove	16:4801587-4801587+|Target-AID|+|C:T|CCG:CTG|nucleotide|(Target-AID;+;@18;NGG;CCG:CTG;P:L;)	CCTGTGGAACAGAGGGAAGGAGG	16:4801587-4801587+		T
27639	ClinVar	ID=27639;Variant_seq=G;ancestral_allele=A;evidence_values=Phenotype_or_Disease;Dbxref=ClinVar_201805:rs1060500252;clinical_significance=pathogenic;Reference_seq=A	nucleotide	remove	17:31095310-31095310+|Target-AID|-|G:A|CGT:CAT|nucleotide|(Target-AID;-;@17;NGG;CGT:CAT;R:H;)	CCATGTCCTCCCCGCGGCCGGGG	17:31095310-31095310+		T
33919	ClinVar	ID=33919;Variant_seq=G;ancestral_allele=A;Dbxref=ClinVar_201805:rs1057524821;clinical_significance=likely pathogenic;Reference_seq=A	nucleotide	remove	18:55228900-55228900+|Target-AID|-|G:A|CGG:CAG|nucleotide|(Target-AID;-;@18;NGG;CGG:CAG;R:Q;)	CCTGATCCTCCACCAGGCGGTGG	18:55228900-55228900+		T
36294	ClinVar	ID=36294;Variant_seq=G;ancestral_allele=A;evidence_values=Phenotype_or_Disease;Dbxref=ClinVar_201805:rs1057519647;clinical_significance=likely pathogenic;Reference_seq=A	nucleotide	remove	19:11089381-11089381+|Target-AID|-|G:A|GGC:GAC|nucleotide|(Target-AID;-;@18;NGG;GGC:GAC;G:D;)	TGTCTTCACCTCACTGCAAGAGG	19:11089381-11089381+		T
37006	ClinVar	ID=37006;Variant_seq=C;ancestral_allele=T;evidence_values=Phenotype_or_Disease;Dbxref=ClinVar_201805:rs1057519668;clinical_significance=likely pathogenic;Reference_seq=T	nucleotide	remove	19:11113296-11113296+|Target-AID|+|C:T|TCC:TTC|nucleotide|(Target-AID;+;@18;NGG;TCC:TTC;S:F;)	CTTCTTCACCAACCGGCACGAGG	19:11113296-11113296+		T
37876	ClinVar	ID=37876;Variant_seq=C;ancestral_allele=T;Dbxref=ClinVar_201805:rs1057524483;clinical_significance=likely pathogenic;Reference_seq=T	nucleotide	remove	19:13262835-13262835+|Target-AID|+|C:T|CCG:CTG|nucleotide|(Target-AID;+;@18;NGG;CCG:CTG;P:L;)	ACTGTGGAGGAATGTTTAGGTGG	19:13262835-13262835+		T
38757	ClinVar	ID=38757;Variant_seq=C;ancestral_allele=T;Dbxref=ClinVar_201805:rs1057523696;clinical_significance=likely pathogenic;Reference_seq=T	nucleotide	remove	2:165344867-165344867+|Target-AID|+|C:T|GCG:GTG|nucleotide|(Target-AID;+;@19;NGG;GCG:GTG;A:V;)	GTGCCTTACTGTCTTCATGATGG	2:165344867-165344867+		T
42211	ClinVar	ID=42211;Variant_seq=C;ancestral_allele=T;Dbxref=ClinVar_201805:rs1057524680;clinical_significance=likely pathogenic;Reference_seq=T	nucleotide	remove	2:216428638-216428638+|Target-AID|+|C:T|CCG:CTG|nucleotide|(Target-AID;+;@18;NGG;CCG:CTG;P:L;)	TCTGCCCACGACTCTCACCCTGG	2:216428638-216428638+		T
42384	ClinVar	ID=42384;Variant_seq=G;ancestral_allele=A;evidence_values=Phenotype_or_Disease;Dbxref=ClinVar_201805:rs1057523274;clinical_significance=likely pathogenic;Reference_seq=A	nucleotide	remove	2:219418463-219418463+|Target-AID|-|G:A|CGT:CAT|nucleotide|(Target-AID;-;@17;NGG;CGT:CAT;R:H;)	TCATGGTGACGGCGCGGGCGAGG	2:219418463-219418463+		T
46797	ClinVar	ID=46797;Variant_seq=C;ancestral_allele=T;evidence_values=Phenotype_or_Disease;Dbxref=ClinVar_201805:rs1057524877;clinical_significance=pathogenic;Reference_seq=T	nucleotide	remove	21:32657036-32657036+|Target-AID|+|C:T|ACA:ATA|nucleotide|(Target-AID;+;@17;NGG;ACA:ATA;T:I;)	CCATAGTGCAGCAAAGTGCCTGG	21:32657036-32657036+		T
48396	ClinVar	ID=48396;Variant_seq=G;ancestral_allele=A;evidence_values=Phenotype_or_Disease;Dbxref=ClinVar_201805:rs1060499532;clinical_significance=pathogenic;Reference_seq=A	nucleotide	remove	22:50526338-50526338+|Target-AID|-|G:A|CGG:CAG|nucleotide|(Target-AID;-;@18;NGG;CGG:CAG;R:Q;)	TCTGGCCCGAGCCCTGTGCTCGG	22:50526338-50526338+		T
55273	ClinVar	ID=55273;Variant_seq=C;ancestral_allele=T;evidence_values=Phenotype_or_Disease;Dbxref=ClinVar_201805:rs1060499536;clinical_significance=pathogenic;Reference_seq=T	nucleotide	remove	5:149896778-149896778+|Target-AID|+|C:T|CCG:CTG|nucleotide|(Target-AID;+;@19;NGG;CCG:CTG;P:L;)	CTGCCAGGACCCAAAATGGCAGG	5:149896778-149896778+		T
65099	ClinVar	ID=65099;Variant_seq=G;ancestral_allele=A;evidence_values=Phenotype_or_Disease;Dbxref=ClinVar_201805:rs1057522982;clinical_significance=likely pathogenic;Reference_seq=A	nucleotide	remove	9:127678429-127678429+|Target-AID|-|G:A|CGG:CAG|nucleotide|(Target-AID;-;@18;NGG;CGG:CAG;R:Q;)	ACTGCATGCACACACACACCAGG	9:127678429-127678429+		T
66895	ClinVar	ID=66895;Variant_seq=C;ancestral_allele=T;evidence_values=Phenotype_or_Disease;Dbxref=ClinVar_201805:rs1060499646;clinical_significance=likely pathogenic;Reference_seq=T	nucleotide	remove	9:74792667-74792667+|Target-AID|+|C:T|ACA:ATA|nucleotide|(Target-AID;+;@17;NGG;ACA:ATA;T:I;)	TCATAGACTTTCCTGGTCCACGG	9:74792667-74792667+		T
73611	ClinVar	ID=73611;Variant_seq=G;ancestral_allele=A;Dbxref=ClinVar_201805:rs1057520200;clinical_significance=pathogenic;Reference_seq=A	nucleotide	remove	X:9765816-9765816+|Target-AID|-|G:A|CGT:CAT|nucleotide|(Target-AID;-;@17;NGG;CGT:CAT;R:H;)	CCATGGCCTCCCCGCGCCTAGGG	X:9765816-9765816+		T
