gvf id	source database	description	mutation format	mutation mode	guide: id	guide+PAM sequence	genome coordinate
23	dbSNP	ID=23;clinical_significance=benign;Reference_seq=C;Variant_seq=T;ancestral_allele=C;Dbxref=dbSNP_150:rs75361935;evidence_values=Frequency,1000Genomes,Cited,ESP,Phenotype_or_Disease,ExAC,TOPMed,gnomAD;global_minor_allele_frequency=1|0.0109824|55	nucleotide	create	1:1047626-1047626+|A3A-BE3|+|C:T|GCT:GTT|nucleotide|(Cas12a-BE;+;@11;TTTV;GCT:GTT;A:V;)	TTTCGGAGTGTCCGCTTGCGGGACCTG	1:1047626-1047626+
23	dbSNP	ID=23;clinical_significance=benign;Reference_seq=C;Variant_seq=T;ancestral_allele=C;Dbxref=dbSNP_150:rs75361935;evidence_values=Frequency,1000Genomes,Cited,ESP,Phenotype_or_Disease,ExAC,TOPMed,gnomAD;global_minor_allele_frequency=1|0.0109824|55	nucleotide	create	1:1047626-1047626+|BE-PLUS|+|C:T|GCT:GTT|nucleotide|(Cas12a-BE;+;@11;TTTV;GCT:GTT;A:V;)	TTTCGGAGTGTCCGCTTGCGGGACCTG	1:1047626-1047626+
23	dbSNP	ID=23;clinical_significance=benign;Reference_seq=C;Variant_seq=T;ancestral_allele=C;Dbxref=dbSNP_150:rs75361935;evidence_values=Frequency,1000Genomes,Cited,ESP,Phenotype_or_Disease,ExAC,TOPMed,gnomAD;global_minor_allele_frequency=1|0.0109824|55	nucleotide	create	1:1047626-1047626+|BE1|+|C:T|GCT:GTT|nucleotide|(Cas12a-BE;+;@11;TTTV;GCT:GTT;A:V;)	TTTCGGAGTGTCCGCTTGCGGGACCTG	1:1047626-1047626+
23	dbSNP	ID=23;clinical_significance=benign;Reference_seq=C;Variant_seq=T;ancestral_allele=C;Dbxref=dbSNP_150:rs75361935;evidence_values=Frequency,1000Genomes,Cited,ESP,Phenotype_or_Disease,ExAC,TOPMed,gnomAD;global_minor_allele_frequency=1|0.0109824|55	nucleotide	create	1:1047626-1047626+|BE2|+|C:T|GCT:GTT|nucleotide|(Cas12a-BE;+;@11;TTTV;GCT:GTT;A:V;)	TTTCGGAGTGTCCGCTTGCGGGACCTG	1:1047626-1047626+
23	dbSNP	ID=23;clinical_significance=benign;Reference_seq=C;Variant_seq=T;ancestral_allele=C;Dbxref=dbSNP_150:rs75361935;evidence_values=Frequency,1000Genomes,Cited,ESP,Phenotype_or_Disease,ExAC,TOPMed,gnomAD;global_minor_allele_frequency=1|0.0109824|55	nucleotide	create	1:1047626-1047626+|BE3|+|C:T|GCT:GTT|nucleotide|(Cas12a-BE;+;@11;TTTV;GCT:GTT;A:V;)	TTTCGGAGTGTCCGCTTGCGGGACCTG	1:1047626-1047626+
23	dbSNP	ID=23;clinical_significance=benign;Reference_seq=C;Variant_seq=T;ancestral_allele=C;Dbxref=dbSNP_150:rs75361935;evidence_values=Frequency,1000Genomes,Cited,ESP,Phenotype_or_Disease,ExAC,TOPMed,gnomAD;global_minor_allele_frequency=1|0.0109824|55	nucleotide	create	1:1047626-1047626+|BE4-Gam|+|C:T|GCT:GTT|nucleotide|(Cas12a-BE;+;@11;TTTV;GCT:GTT;A:V;)	TTTCGGAGTGTCCGCTTGCGGGACCTG	1:1047626-1047626+
23	dbSNP	ID=23;clinical_significance=benign;Reference_seq=C;Variant_seq=T;ancestral_allele=C;Dbxref=dbSNP_150:rs75361935;evidence_values=Frequency,1000Genomes,Cited,ESP,Phenotype_or_Disease,ExAC,TOPMed,gnomAD;global_minor_allele_frequency=1|0.0109824|55	nucleotide	create	1:1047626-1047626+|BE4/BE4max|+|C:T|GCT:GTT|nucleotide|(Cas12a-BE;+;@11;TTTV;GCT:GTT;A:V;)	TTTCGGAGTGTCCGCTTGCGGGACCTG	1:1047626-1047626+
23	dbSNP	ID=23;clinical_significance=benign;Reference_seq=C;Variant_seq=T;ancestral_allele=C;Dbxref=dbSNP_150:rs75361935;evidence_values=Frequency,1000Genomes,Cited,ESP,Phenotype_or_Disease,ExAC,TOPMed,gnomAD;global_minor_allele_frequency=1|0.0109824|55	nucleotide	create	1:1047626-1047626+|Cas12a-BE|+|C:T|GCT:GTT|nucleotide|(Cas12a-BE;+;@11;TTTV;GCT:GTT;A:V;)	TTTCGGAGTGTCCGCTTGCGGGACCTG	1:1047626-1047626+
23	dbSNP	ID=23;clinical_significance=benign;Reference_seq=C;Variant_seq=T;ancestral_allele=C;Dbxref=dbSNP_150:rs75361935;evidence_values=Frequency,1000Genomes,Cited,ESP,Phenotype_or_Disease,ExAC,TOPMed,gnomAD;global_minor_allele_frequency=1|0.0109824|55	nucleotide	create	1:1047626-1047626+|EE-BE3|+|C:T|GCT:GTT|nucleotide|(Cas12a-BE;+;@11;TTTV;GCT:GTT;A:V;)	TTTCGGAGTGTCCGCTTGCGGGACCTG	1:1047626-1047626+
23	dbSNP	ID=23;clinical_significance=benign;Reference_seq=C;Variant_seq=T;ancestral_allele=C;Dbxref=dbSNP_150:rs75361935;evidence_values=Frequency,1000Genomes,Cited,ESP,Phenotype_or_Disease,ExAC,TOPMed,gnomAD;global_minor_allele_frequency=1|0.0109824|55	nucleotide	create	1:1047626-1047626+|HF-BE3|+|C:T|GCT:GTT|nucleotide|(Cas12a-BE;+;@11;TTTV;GCT:GTT;A:V;)	TTTCGGAGTGTCCGCTTGCGGGACCTG	1:1047626-1047626+
23	dbSNP	ID=23;clinical_significance=benign;Reference_seq=C;Variant_seq=T;ancestral_allele=C;Dbxref=dbSNP_150:rs75361935;evidence_values=Frequency,1000Genomes,Cited,ESP,Phenotype_or_Disease,ExAC,TOPMed,gnomAD;global_minor_allele_frequency=1|0.0109824|55	nucleotide	create	1:1047626-1047626+|SA(KKH)-BE3|+|C:T|GCT:GTT|nucleotide|(Cas12a-BE;+;@11;TTTV;GCT:GTT;A:V;)	TTTCGGAGTGTCCGCTTGCGGGACCTG	1:1047626-1047626+
23	dbSNP	ID=23;clinical_significance=benign;Reference_seq=C;Variant_seq=T;ancestral_allele=C;Dbxref=dbSNP_150:rs75361935;evidence_values=Frequency,1000Genomes,Cited,ESP,Phenotype_or_Disease,ExAC,TOPMed,gnomAD;global_minor_allele_frequency=1|0.0109824|55	nucleotide	create	1:1047626-1047626+|SaBE3|+|C:T|GCT:GTT|nucleotide|(Cas12a-BE;+;@11;TTTV;GCT:GTT;A:V;)	TTTCGGAGTGTCCGCTTGCGGGACCTG	1:1047626-1047626+
23	dbSNP	ID=23;clinical_significance=benign;Reference_seq=C;Variant_seq=T;ancestral_allele=C;Dbxref=dbSNP_150:rs75361935;evidence_values=Frequency,1000Genomes,Cited,ESP,Phenotype_or_Disease,ExAC,TOPMed,gnomAD;global_minor_allele_frequency=1|0.0109824|55	nucleotide	create	1:1047626-1047626+|SaBE4|+|C:T|GCT:GTT|nucleotide|(Cas12a-BE;+;@11;TTTV;GCT:GTT;A:V;)	TTTCGGAGTGTCCGCTTGCGGGACCTG	1:1047626-1047626+
23	dbSNP	ID=23;clinical_significance=benign;Reference_seq=C;Variant_seq=T;ancestral_allele=C;Dbxref=dbSNP_150:rs75361935;evidence_values=Frequency,1000Genomes,Cited,ESP,Phenotype_or_Disease,ExAC,TOPMed,gnomAD;global_minor_allele_frequency=1|0.0109824|55	nucleotide	create	1:1047626-1047626+|SaBE4-Gam|+|C:T|GCT:GTT|nucleotide|(Cas12a-BE;+;@11;TTTV;GCT:GTT;A:V;)	TTTCGGAGTGTCCGCTTGCGGGACCTG	1:1047626-1047626+
23	dbSNP	ID=23;clinical_significance=benign;Reference_seq=C;Variant_seq=T;ancestral_allele=C;Dbxref=dbSNP_150:rs75361935;evidence_values=Frequency,1000Genomes,Cited,ESP,Phenotype_or_Disease,ExAC,TOPMed,gnomAD;global_minor_allele_frequency=1|0.0109824|55	nucleotide	create	1:1047626-1047626+|Target-AID|+|C:T|GCT:GTT|nucleotide|(Cas12a-BE;+;@11;TTTV;GCT:GTT;A:V;)	TTTCGGAGTGTCCGCTTGCGGGACCTG	1:1047626-1047626+
23	dbSNP	ID=23;clinical_significance=benign;Reference_seq=C;Variant_seq=T;ancestral_allele=C;Dbxref=dbSNP_150:rs75361935;evidence_values=Frequency,1000Genomes,Cited,ESP,Phenotype_or_Disease,ExAC,TOPMed,gnomAD;global_minor_allele_frequency=1|0.0109824|55	nucleotide	create	1:1047626-1047626+|VQR-BE3|+|C:T|GCT:GTT|nucleotide|(Cas12a-BE;+;@11;TTTV;GCT:GTT;A:V;)	TTTCGGAGTGTCCGCTTGCGGGACCTG	1:1047626-1047626+
23	dbSNP	ID=23;clinical_significance=benign;Reference_seq=C;Variant_seq=T;ancestral_allele=C;Dbxref=dbSNP_150:rs75361935;evidence_values=Frequency,1000Genomes,Cited,ESP,Phenotype_or_Disease,ExAC,TOPMed,gnomAD;global_minor_allele_frequency=1|0.0109824|55	nucleotide	create	1:1047626-1047626+|VRER-BE3|+|C:T|GCT:GTT|nucleotide|(Cas12a-BE;+;@11;TTTV;GCT:GTT;A:V;)	TTTCGGAGTGTCCGCTTGCGGGACCTG	1:1047626-1047626+
23	dbSNP	ID=23;clinical_significance=benign;Reference_seq=C;Variant_seq=T;ancestral_allele=C;Dbxref=dbSNP_150:rs75361935;evidence_values=Frequency,1000Genomes,Cited,ESP,Phenotype_or_Disease,ExAC,TOPMed,gnomAD;global_minor_allele_frequency=1|0.0109824|55	nucleotide	create	1:1047626-1047626+|YE1-BE3|+|C:T|GCT:GTT|nucleotide|(Cas12a-BE;+;@11;TTTV;GCT:GTT;A:V;)	TTTCGGAGTGTCCGCTTGCGGGACCTG	1:1047626-1047626+
23	dbSNP	ID=23;clinical_significance=benign;Reference_seq=C;Variant_seq=T;ancestral_allele=C;Dbxref=dbSNP_150:rs75361935;evidence_values=Frequency,1000Genomes,Cited,ESP,Phenotype_or_Disease,ExAC,TOPMed,gnomAD;global_minor_allele_frequency=1|0.0109824|55	nucleotide	create	1:1047626-1047626+|YE2-BE3|+|C:T|GCT:GTT|nucleotide|(Cas12a-BE;+;@11;TTTV;GCT:GTT;A:V;)	TTTCGGAGTGTCCGCTTGCGGGACCTG	1:1047626-1047626+
23	dbSNP	ID=23;clinical_significance=benign;Reference_seq=C;Variant_seq=T;ancestral_allele=C;Dbxref=dbSNP_150:rs75361935;evidence_values=Frequency,1000Genomes,Cited,ESP,Phenotype_or_Disease,ExAC,TOPMed,gnomAD;global_minor_allele_frequency=1|0.0109824|55	nucleotide	create	1:1047626-1047626+|YEE-BE3|+|C:T|GCT:GTT|nucleotide|(Cas12a-BE;+;@11;TTTV;GCT:GTT;A:V;)	TTTCGGAGTGTCCGCTTGCGGGACCTG	1:1047626-1047626+
23	dbSNP	ID=23;clinical_significance=benign;Reference_seq=C;Variant_seq=T;ancestral_allele=C;Dbxref=dbSNP_150:rs75361935;evidence_values=Frequency,1000Genomes,Cited,ESP,Phenotype_or_Disease,ExAC,TOPMed,gnomAD;global_minor_allele_frequency=1|0.0109824|55	nucleotide	create	1:1047626-1047626+|eA3A-BE3|+|C:T|GCT:GTT|nucleotide|(Cas12a-BE;+;@11;TTTV;GCT:GTT;A:V;)	TTTCGGAGTGTCCGCTTGCGGGACCTG	1:1047626-1047626+
23	dbSNP	ID=23;clinical_significance=benign;Reference_seq=C;Variant_seq=T;ancestral_allele=C;Dbxref=dbSNP_150:rs75361935;evidence_values=Frequency,1000Genomes,Cited,ESP,Phenotype_or_Disease,ExAC,TOPMed,gnomAD;global_minor_allele_frequency=1|0.0109824|55	nucleotide	create	1:1047626-1047626+|xBE3|+|C:T|GCT:GTT|nucleotide|(Cas12a-BE;+;@11;TTTV;GCT:GTT;A:V;)	TTTCGGAGTGTCCGCTTGCGGGACCTG	1:1047626-1047626+
